<?xml version="1.0" encoding="UTF-8"?>
<gresources>
  <gresource prefix="/org/gnome/Shell/Extensions/js">
    <file>main.js</file>
    <file>extensionsService.js</file>
    <file>dbusService.js</file>

    <file>misc/config.js</file>
    <file>misc/extensionUtils.js</file>
    <file>misc/fileUtils.js</file>
    <file>misc/params.js</file>
  </gresource>

  <gresource prefix="/org/gnome/Shell/Extensions">
    <file>css/application.css</file>
    <file>ui/extension-prefs-dialog.ui</file>
  </gresource>
</gresources>
