{
  "levels": [
    {
      "level": "",
      "mode": "default",
      "rows": [
        [
          [
            "է"
          ],
          [
            "թ"
          ],
          [
            "փ"
          ],
          [
            "ձ"
          ],
          [
            "ջ"
          ],
          [
            "ր"
          ],
          [
            "չ"
          ],
          [
            "ճ"
          ],
          [
            "ժ"
          ],
          [
            "ծ"
          ]
        ],
        [
          [
            "ք"
          ],
          [
            "ո"
          ],
          [
            "ե",
            "և"
          ],
          [
            "ռ"
          ],
          [
            "տ"
          ],
          [
            "ը"
          ],
          [
            "ւ"
          ],
          [
            "ի"
          ],
          [
            "օ"
          ],
          [
            "պ"
          ]
        ],
        [
          [
            "ա"
          ],
          [
            "ս"
          ],
          [
            "դ"
          ],
          [
            "ֆ"
          ],
          [
            "գ"
          ],
          [
            "հ"
          ],
          [
            "յ"
          ],
          [
            "կ"
          ],
          [
            "լ"
          ],
          [
            "խ"
          ]
        ],
        [
          [
            "զ"
          ],
          [
            "ղ"
          ],
          [
            "ց"
          ],
          [
            "վ"
          ],
          [
            "բ"
          ],
          [
            "ն"
          ],
          [
            "մ"
          ],
          [
            "շ"
          ]
        ],
        [
          [
            ","
          ],
          [
            " "
          ],
          [
            "։"
          ]
        ]
      ]
    },
    {
      "level": "shift",
      "mode": "latched",
      "rows": [
        [
          [
            "Է"
          ],
          [
            "Թ"
          ],
          [
            "Փ"
          ],
          [
            "Ձ"
          ],
          [
            "Ջ"
          ],
          [
            "Ր"
          ],
          [
            "Չ"
          ],
          [
            "Ճ"
          ],
          [
            "Ժ"
          ],
          [
            "Ծ"
          ]
        ],
        [
          [
            "Ք"
          ],
          [
            "Ո"
          ],
          [
            "Ե",
            "ԵՒ"
          ],
          [
            "Ռ"
          ],
          [
            "Տ"
          ],
          [
            "Ը"
          ],
          [
            "Ւ"
          ],
          [
            "Ի"
          ],
          [
            "Օ"
          ],
          [
            "Պ"
          ]
        ],
        [
          [
            "Ա"
          ],
          [
            "Ս"
          ],
          [
            "Դ"
          ],
          [
            "Ֆ"
          ],
          [
            "Գ"
          ],
          [
            "Հ"
          ],
          [
            "Յ"
          ],
          [
            "Կ"
          ],
          [
            "Լ"
          ],
          [
            "Խ"
          ]
        ],
        [
          [
            "Զ"
          ],
          [
            "Ղ"
          ],
          [
            "Ց"
          ],
          [
            "Վ"
          ],
          [
            "Բ"
          ],
          [
            "Ն"
          ],
          [
            "Մ"
          ],
          [
            "Շ"
          ]
        ],
        [
          [
            ","
          ],
          [
            " "
          ],
          [
            "։"
          ]
        ]
      ]
    },
    {
      "level": "opt",
      "mode": "locked",
      "rows": [
        [
          [
            "1",
            "¹",
            "½",
            "⅓",
            "¼",
            "⅛"
          ],
          [
            "2",
            "²",
            "⅔"
          ],
          [
            "3",
            "³",
            "¾",
            "⅜"
          ],
          [
            "4",
            "⁴"
          ],
          [
            "5",
            "⅝"
          ],
          [
            "6"
          ],
          [
            "7",
            "⅞"
          ],
          [
            "8"
          ],
          [
            "9"
          ],
          [
            "0",
            "ⁿ",
            "∅"
          ]
        ],
        [
          [
            "@"
          ],
          [
            "#"
          ],
          [
            "$",
            "¢",
            "£",
            "€",
            "¥",
            "₱"
          ],
          [
            "%",
            "‰"
          ],
          [
            "&"
          ],
          [
            "-",
            "_",
            "–",
            "—",
            "·"
          ],
          [
            "+",
            "±"
          ],
          [
            "(",
            "<",
            "{",
            "["
          ],
          [
            ")",
            ">",
            "}",
            "]"
          ]
        ],
        [
          [
            "*",
            "†",
            "‡",
            "★"
          ],
          [
            "\"",
            "“",
            "”",
            "«",
            "»"
          ],
          [
            "'",
            "‘",
            "’",
            "‹",
            "›"
          ],
          [
            ":"
          ],
          [
            ";"
          ],
          [
            "!",
            "՜",
            "¡"
          ],
          [
            "?",
            "՞",
            "¿"
          ]
        ],
        [
          [
            "_"
          ],
          [
            "/"
          ],
          [
            " "
          ],
          [
            "՝"
          ],
          [
            "։",
            "!",
            "?",
            ",",
            ".",
            "֊",
            "՜",
            "՝",
            "՞",
            ":",
            ";",
            "@",
            "ՙ",
            "՚",
            "՛",
            "՟"
          ]
        ]
      ]
    },
    {
      "level": "opt+shift",
      "mode": "locked",
      "rows": [
        [
          [
            "~"
          ],
          [
            "`"
          ],
          [
            "|"
          ],
          [
            "•",
            "♪",
            "♥",
            "♠",
            "♦",
            "♣"
          ],
          [
            "√"
          ],
          [
            "Π",
            "π"
          ],
          [
            "÷"
          ],
          [
            "×"
          ],
          [
            "¶",
            "§"
          ],
          [
            "∆"
          ]
        ],
        [
          [
            "£"
          ],
          [
            "¢"
          ],
          [
            "€"
          ],
          [
            "¥"
          ],
          [
            "^",
            "↑",
            "↓",
            "←",
            "→"
          ],
          [
            "°",
            "′",
            "″"
          ],
          [
            "=",
            "≠",
            "≈",
            "∞"
          ],
          [
            "{"
          ],
          [
            "}"
          ]
        ],
        [
          [
            "\\"
          ],
          [
            "©"
          ],
          [
            "®"
          ],
          [
            "™"
          ],
          [
            "℅"
          ],
          [
            "["
          ],
          [
            "]"
          ]
        ],
        [
          [
            "<",
            "‹",
            "≤",
            "«"
          ],
          [
            ">",
            "›",
            "≥",
            "»"
          ],
          [
            " "
          ],
          [
            "՝"
          ],
          [
            "։",
            "!",
            "?",
            ",",
            ".",
            "֊",
            "՜",
            "՝",
            "՞",
            ":",
            ";",
            "@",
            "ՙ",
            "՚",
            "՛",
            "՟"
          ]
        ]
      ]
    }
  ],
  "locale": "hy",
  "name": "Armenian"
}