{
  "levels": [
    {
      "level": "",
      "mode": "default",
      "rows": [
        [
          [
            "ŝ",
            "q"
          ],
          [
            "ĝ",
            "w",
            "ŵ"
          ],
          [
            "e",
            "é",
            "ě",
            "è",
            "ê",
            "ë",
            "ę",
            "ė",
            "ē"
          ],
          [
            "r",
            "ř",
            "ŕ",
            "ŗ"
          ],
          [
            "t",
            "ť",
            "ț",
            "ţ",
            "ŧ"
          ],
          [
            "ŭ",
            "y",
            "ý",
            "ŷ",
            "ÿ",
            "þ"
          ],
          [
            "u",
            "ú",
            "ů",
            "û",
            "ü",
            "ù",
            "ū",
            "ũ",
            "ű",
            "ų",
            "µ"
          ],
          [
            "i",
            "í",
            "î",
            "ï",
            "ĩ",
            "ì",
            "į",
            "ī",
            "ı",
            "ĳ"
          ],
          [
            "o",
            "ó",
            "ö",
            "ô",
            "ò",
            "õ",
            "œ",
            "ø",
            "ō",
            "ő",
            "º"
          ],
          [
            "p"
          ]
        ],
        [
          [
            "a",
            "á",
            "à",
            "â",
            "ä",
            "æ",
            "ã",
            "å",
            "ā",
            "ă",
            "ą",
            "ª"
          ],
          [
            "s",
            "ß",
            "š",
            "ś",
            "ș",
            "ş"
          ],
          [
            "d",
            "ð",
            "ď",
            "đ"
          ],
          [
            "f"
          ],
          [
            "g",
            "ğ",
            "ġ",
            "ģ"
          ],
          [
            "h",
            "ĥ",
            "ħ"
          ],
          [
            "j"
          ],
          [
            "k",
            "ķ",
            "ĸ"
          ],
          [
            "l",
            "ĺ",
            "ļ",
            "ľ",
            "ŀ",
            "ł"
          ],
          [
            "ĵ"
          ]
        ],
        [
          [
            "z",
            "ź",
            "ż",
            "ž"
          ],
          [
            "ĉ",
            "x"
          ],
          [
            "c",
            "ć",
            "č",
            "ç",
            "ċ"
          ],
          [
            "v",
            "w",
            "ŵ"
          ],
          [
            "b"
          ],
          [
            "n",
            "ñ",
            "ń",
            "ņ",
            "ň",
            "ŉ",
            "ŋ"
          ],
          [
            "m"
          ]
        ],
        [
          [
            ","
          ],
          [
            " "
          ],
          [
            ".",
            "#",
            "!",
            ",",
            "?",
            "-",
            ":",
            "'",
            "@"
          ]
        ]
      ]
    },
    {
      "level": "shift",
      "mode": "latched",
      "rows": [
        [
          [
            "Ŝ",
            "Q"
          ],
          [
            "Ĝ",
            "W",
            "Ŵ"
          ],
          [
            "E",
            "É",
            "Ě",
            "È",
            "Ê",
            "Ë",
            "Ę",
            "Ė",
            "Ē"
          ],
          [
            "R",
            "Ř",
            "Ŕ",
            "Ŗ"
          ],
          [
            "T",
            "Ť",
            "Ț",
            "Ţ",
            "Ŧ"
          ],
          [
            "Ŭ",
            "Y",
            "Ý",
            "Ŷ",
            "Ÿ",
            "Þ"
          ],
          [
            "U",
            "Ú",
            "Ů",
            "Û",
            "Ü",
            "Ù",
            "Ū",
            "Ũ",
            "Ű",
            "Ų",
            "Μ"
          ],
          [
            "I",
            "Í",
            "Î",
            "Ï",
            "Ĩ",
            "Ì",
            "Į",
            "Ī",
            "I",
            "Ĳ"
          ],
          [
            "O",
            "Ó",
            "Ö",
            "Ô",
            "Ò",
            "Õ",
            "Œ",
            "Ø",
            "Ō",
            "Ő",
            "º"
          ],
          [
            "P"
          ]
        ],
        [
          [
            "A",
            "Á",
            "À",
            "Â",
            "Ä",
            "Æ",
            "Ã",
            "Å",
            "Ā",
            "Ă",
            "Ą",
            "ª"
          ],
          [
            "S",
            "SS",
            "Š",
            "Ś",
            "Ș",
            "Ş"
          ],
          [
            "D",
            "Ð",
            "Ď",
            "Đ"
          ],
          [
            "F"
          ],
          [
            "G",
            "Ğ",
            "Ġ",
            "Ģ"
          ],
          [
            "H",
            "Ĥ",
            "Ħ"
          ],
          [
            "J"
          ],
          [
            "K",
            "Ķ",
            "ĸ"
          ],
          [
            "L",
            "Ĺ",
            "Ļ",
            "Ľ",
            "Ŀ",
            "Ł"
          ],
          [
            "Ĵ"
          ]
        ],
        [
          [
            "Z",
            "Ź",
            "Ż",
            "Ž"
          ],
          [
            "Ĉ",
            "X"
          ],
          [
            "C",
            "Ć",
            "Č",
            "Ç",
            "Ċ"
          ],
          [
            "V",
            "W",
            "Ŵ"
          ],
          [
            "B"
          ],
          [
            "N",
            "Ñ",
            "Ń",
            "Ņ",
            "Ň",
            "ʼN",
            "Ŋ"
          ],
          [
            "M"
          ]
        ],
        [
          [
            ","
          ],
          [
            " "
          ],
          [
            ".",
            "#",
            "!",
            ",",
            "?",
            "-",
            ":",
            "'",
            "@"
          ]
        ]
      ]
    },
    {
      "level": "opt",
      "mode": "locked",
      "rows": [
        [
          [
            "1",
            "¹",
            "½",
            "⅓",
            "¼",
            "⅛"
          ],
          [
            "2",
            "²",
            "⅔"
          ],
          [
            "3",
            "³",
            "¾",
            "⅜"
          ],
          [
            "4",
            "⁴"
          ],
          [
            "5",
            "⅝"
          ],
          [
            "6"
          ],
          [
            "7",
            "⅞"
          ],
          [
            "8"
          ],
          [
            "9"
          ],
          [
            "0",
            "ⁿ",
            "∅"
          ]
        ],
        [
          [
            "@"
          ],
          [
            "#"
          ],
          [
            "$",
            "¢",
            "£",
            "€",
            "¥",
            "₱"
          ],
          [
            "%",
            "‰"
          ],
          [
            "&"
          ],
          [
            "-",
            "_",
            "–",
            "—",
            "·"
          ],
          [
            "+",
            "±"
          ],
          [
            "(",
            "<",
            "{",
            "["
          ],
          [
            ")",
            ">",
            "}",
            "]"
          ]
        ],
        [
          [
            "*",
            "†",
            "‡",
            "★"
          ],
          [
            "\"",
            "“",
            "”",
            "«",
            "»"
          ],
          [
            "'",
            "‘",
            "’",
            "‹",
            "›"
          ],
          [
            ":"
          ],
          [
            ";"
          ],
          [
            "!",
            "¡"
          ],
          [
            "?",
            "¿"
          ]
        ],
        [
          [
            "_"
          ],
          [
            "/"
          ],
          [
            " "
          ],
          [
            ","
          ],
          [
            ".",
            "…"
          ]
        ]
      ]
    },
    {
      "level": "opt+shift",
      "mode": "locked",
      "rows": [
        [
          [
            "~"
          ],
          [
            "`"
          ],
          [
            "|"
          ],
          [
            "•",
            "♪",
            "♥",
            "♠",
            "♦",
            "♣"
          ],
          [
            "√"
          ],
          [
            "Π",
            "π"
          ],
          [
            "÷"
          ],
          [
            "×"
          ],
          [
            "¶",
            "§"
          ],
          [
            "∆"
          ]
        ],
        [
          [
            "£"
          ],
          [
            "¢"
          ],
          [
            "€"
          ],
          [
            "¥"
          ],
          [
            "^",
            "↑",
            "↓",
            "←",
            "→"
          ],
          [
            "°",
            "′",
            "″"
          ],
          [
            "=",
            "≠",
            "≈",
            "∞"
          ],
          [
            "{"
          ],
          [
            "}"
          ]
        ],
        [
          [
            "\\"
          ],
          [
            "©"
          ],
          [
            "®"
          ],
          [
            "™"
          ],
          [
            "℅"
          ],
          [
            "["
          ],
          [
            "]"
          ]
        ],
        [
          [
            "<",
            "‹",
            "≤",
            "«"
          ],
          [
            ">",
            "›",
            "≥",
            "»"
          ],
          [
            " "
          ],
          [
            ","
          ],
          [
            ".",
            "…"
          ]
        ]
      ]
    }
  ],
  "locale": "eo",
  "name": "Esperanto"
}