{
  "levels": [
    {
      "level": "",
      "mode": "default",
      "rows": [
        [
          [
            "q"
          ],
          [
            "w"
          ],
          [
            "e"
          ],
          [
            "r"
          ],
          [
            "t"
          ],
          [
            "y"
          ],
          [
            "u"
          ],
          [
            "i"
          ],
          [
            "o"
          ],
          [
            "p"
          ]
        ],
        [
          [
            "a"
          ],
          [
            "s"
          ],
          [
            "d"
          ],
          [
            "f"
          ],
          [
            "g"
          ],
          [
            "h"
          ],
          [
            "j"
          ],
          [
            "k"
          ],
          [
            "l"
          ]
        ],
        [
          [
            "z"
          ],
          [
            "x"
          ],
          [
            "c"
          ],
          [
            "v"
          ],
          [
            "b"
          ],
          [
            "n"
          ],
          [
            "m"
          ]
        ],
        [
          [
            ","
          ],
          [
            " "
          ],
          [
            ".",
            "#",
            "!",
            ",",
            "?",
            "-",
            ":",
            "'",
            "@"
          ]
        ]
      ]
    },
    {
      "level": "shift",
      "mode": "latched",
      "rows": [
        [
          [
            "Q"
          ],
          [
            "W"
          ],
          [
            "E"
          ],
          [
            "R"
          ],
          [
            "T"
          ],
          [
            "Y"
          ],
          [
            "U"
          ],
          [
            "I"
          ],
          [
            "O"
          ],
          [
            "P"
          ]
        ],
        [
          [
            "A"
          ],
          [
            "S"
          ],
          [
            "D"
          ],
          [
            "F"
          ],
          [
            "G"
          ],
          [
            "H"
          ],
          [
            "J"
          ],
          [
            "K"
          ],
          [
            "L"
          ]
        ],
        [
          [
            "Z"
          ],
          [
            "X"
          ],
          [
            "C"
          ],
          [
            "V"
          ],
          [
            "B"
          ],
          [
            "N"
          ],
          [
            "M"
          ]
        ],
        [
          [
            ","
          ],
          [
            " "
          ],
          [
            ".",
            "#",
            "!",
            ",",
            "?",
            "-",
            ":",
            "'",
            "@"
          ]
        ]
      ]
    },
    {
      "level": "opt",
      "mode": "locked",
      "rows": [
        [
          [
            "1",
            "¹",
            "½",
            "⅓",
            "¼",
            "⅛"
          ],
          [
            "2",
            "²",
            "⅔"
          ],
          [
            "3",
            "³",
            "¾",
            "⅜"
          ],
          [
            "4",
            "⁴"
          ],
          [
            "5",
            "⅝"
          ],
          [
            "6"
          ],
          [
            "7",
            "⅞"
          ],
          [
            "8"
          ],
          [
            "9"
          ],
          [
            "0",
            "ⁿ",
            "∅"
          ]
        ],
        [
          [
            "@"
          ],
          [
            "#"
          ],
          [
            "$",
            "¢",
            "£",
            "€",
            "¥",
            "₱"
          ],
          [
            "%",
            "‰"
          ],
          [
            "&"
          ],
          [
            "-",
            "_",
            "–",
            "—",
            "·"
          ],
          [
            "+",
            "±"
          ],
          [
            "(",
            "<",
            "{",
            "["
          ],
          [
            ")",
            ">",
            "}",
            "]"
          ]
        ],
        [
          [
            "*",
            "†",
            "‡",
            "★"
          ],
          [
            "\"",
            "“",
            "”",
            "«",
            "»"
          ],
          [
            "'",
            "‘",
            "’",
            "‹",
            "›"
          ],
          [
            ":"
          ],
          [
            ";"
          ],
          [
            "!",
            "¡"
          ],
          [
            "?",
            "¿"
          ]
        ],
        [
          [
            "_"
          ],
          [
            "/"
          ],
          [
            " "
          ],
          [
            ","
          ],
          [
            ".",
            "…"
          ]
        ]
      ]
    },
    {
      "level": "opt+shift",
      "mode": "locked",
      "rows": [
        [
          [
            "~"
          ],
          [
            "`"
          ],
          [
            "|"
          ],
          [
            "•",
            "♪",
            "♥",
            "♠",
            "♦",
            "♣"
          ],
          [
            "√"
          ],
          [
            "Π",
            "π"
          ],
          [
            "÷"
          ],
          [
            "×"
          ],
          [
            "¶",
            "§"
          ],
          [
            "∆"
          ]
        ],
        [
          [
            "£"
          ],
          [
            "¢"
          ],
          [
            "€"
          ],
          [
            "¥"
          ],
          [
            "^",
            "↑",
            "↓",
            "←",
            "→"
          ],
          [
            "°",
            "′",
            "″"
          ],
          [
            "=",
            "≠",
            "≈",
            "∞"
          ],
          [
            "{"
          ],
          [
            "}"
          ]
        ],
        [
          [
            "\\"
          ],
          [
            "©"
          ],
          [
            "®"
          ],
          [
            "™"
          ],
          [
            "℅"
          ],
          [
            "["
          ],
          [
            "]"
          ]
        ],
        [
          [
            "<",
            "‹",
            "≤",
            "«"
          ],
          [
            ">",
            "›",
            "≥",
            "»"
          ],
          [
            " "
          ],
          [
            ","
          ],
          [
            ".",
            "…"
          ]
        ]
      ]
    }
  ],
  "locale": "id",
  "name": "Indonesian"
}