{
  "levels": [
    {
      "level": "",
      "mode": "default",
      "rows": [
        [
          [
            "'",
            "\""
          ],
          [
            "-",
            "_"
          ],
          [
            "ק"
          ],
          [
            "ר"
          ],
          [
            "א"
          ],
          [
            "ט"
          ],
          [
            "ו"
          ],
          [
            "ן"
          ],
          [
            "ם"
          ],
          [
            "פ"
          ]
        ],
        [
          [
            "ש"
          ],
          [
            "ד"
          ],
          [
            "ג",
            "ג׳"
          ],
          [
            "כ"
          ],
          [
            "ע"
          ],
          [
            "י",
            "ײַ"
          ],
          [
            "ח",
            "ח׳"
          ],
          [
            "ל"
          ],
          [
            "ך"
          ],
          [
            "ף"
          ]
        ],
        [
          [
            "ז",
            "ז׳"
          ],
          [
            "ס"
          ],
          [
            "ב"
          ],
          [
            "ה"
          ],
          [
            "נ"
          ],
          [
            "מ"
          ],
          [
            "צ",
            "צ׳"
          ],
          [
            "ת",
            "ת׳"
          ],
          [
            "ץ",
            "ץ׳"
          ]
        ],
        [
          [
            ","
          ],
          [
            " "
          ],
          [
            ".",
            "#",
            "!",
            ",",
            "?",
            "-",
            ":",
            "'",
            "@"
          ]
        ]
      ]
    },
    {
      "level": "opt",
      "mode": "locked",
      "rows": [
        [
          [
            "1",
            "¹",
            "½",
            "⅓",
            "¼",
            "⅛"
          ],
          [
            "2",
            "²",
            "⅔"
          ],
          [
            "3",
            "³",
            "¾",
            "⅜"
          ],
          [
            "4",
            "⁴"
          ],
          [
            "5",
            "⅝"
          ],
          [
            "6"
          ],
          [
            "7",
            "⅞"
          ],
          [
            "8"
          ],
          [
            "9"
          ],
          [
            "0",
            "ⁿ",
            "∅"
          ]
        ],
        [
          [
            "@"
          ],
          [
            "#"
          ],
          [
            "₪",
            "$",
            "¢",
            "€",
            "£",
            "¥",
            "₱"
          ],
          [
            "%",
            "‰"
          ],
          [
            "&"
          ],
          [
            "-",
            "_",
            "–",
            "—",
            "·"
          ],
          [
            "+",
            "±",
            "﬩"
          ],
          [
            "(",
            ">",
            "}",
            "]"
          ],
          [
            ")",
            "<",
            "{",
            "["
          ]
        ],
        [
          [
            "*",
            "★"
          ],
          [
            "\"",
            "“",
            "”",
            "«",
            "»"
          ],
          [
            "'",
            "‘",
            "’",
            "‹",
            "›"
          ],
          [
            ":"
          ],
          [
            ";"
          ],
          [
            "!",
            "¡"
          ],
          [
            "?",
            "¿"
          ]
        ],
        [
          [
            "_"
          ],
          [
            "/"
          ],
          [
            " "
          ],
          [
            ",",
            "!"
          ],
          [
            ".",
            "?"
          ]
        ]
      ]
    },
    {
      "level": "opt+shift",
      "mode": "locked",
      "rows": [
        [
          [
            "~"
          ],
          [
            "`"
          ],
          [
            "|"
          ],
          [
            "•",
            "♪",
            "♥",
            "♠",
            "♦",
            "♣"
          ],
          [
            "√"
          ],
          [
            "Π",
            "π"
          ],
          [
            "÷"
          ],
          [
            "×"
          ],
          [
            "¶",
            "§"
          ],
          [
            "∆"
          ]
        ],
        [
          [
            "£"
          ],
          [
            "€"
          ],
          [
            "$",
            "¢"
          ],
          [
            "¢"
          ],
          [
            "^",
            "↑",
            "↓",
            "←",
            "→"
          ],
          [
            "°",
            "′",
            "″"
          ],
          [
            "=",
            "≠",
            "≈",
            "∞"
          ],
          [
            "{"
          ],
          [
            "}"
          ]
        ],
        [
          [
            "\\"
          ],
          [
            "©"
          ],
          [
            "®"
          ],
          [
            "™"
          ],
          [
            "℅"
          ],
          [
            "["
          ],
          [
            "]"
          ]
        ],
        [
          [
            "<",
            "›",
            "≥",
            "»"
          ],
          [
            ">",
            "‹",
            "≤",
            "«"
          ],
          [
            " "
          ],
          [
            ",",
            "!"
          ],
          [
            ".",
            "?"
          ]
        ]
      ]
    }
  ],
  "locale": "he",
  "name": "Hebrew"
}