{
  "levels": [
    {
      "level": "",
      "mode": "default",
      "rows": [
        [
          [
            "◌ौ"
          ],
          [
            "◌ै"
          ],
          [
            "◌ा"
          ],
          [
            "◌ी"
          ],
          [
            "◌ू"
          ],
          [
            "ब",
            "ब॒",
            "%"
          ],
          [
            "ह"
          ],
          [
            "ग",
            "ज्ञ",
            "ग़",
            "ग॒",
            "%"
          ],
          [
            "द"
          ],
          [
            "ज",
            "ज॒",
            "ज्ञ",
            "ज़",
            "%"
          ],
          [
            "ड",
            "ड॒",
            "ड़"
          ]
        ],
        [
          [
            "◌ो"
          ],
          [
            "◌े"
          ],
          [
            "◌्"
          ],
          [
            "◌ि"
          ],
          [
            "◌ु"
          ],
          [
            "प"
          ],
          [
            "र",
            "ऋ",
            "ऱ",
            "ॠ"
          ],
          [
            "क",
            "क़"
          ],
          [
            "त",
            "त्र"
          ],
          [
            "च"
          ],
          [
            "ट"
          ]
        ],
        [
          [
            "◌ॉ"
          ],
          [
            "◌ं"
          ],
          [
            "म",
            "ॐ"
          ],
          [
            "न",
            "ञ",
            "ङ",
            "ऩ"
          ],
          [
            "व"
          ],
          [
            "ल",
            "ऌ",
            "ॡ"
          ],
          [
            "स"
          ],
          [
            "य",
            "य़"
          ],
          [
            "◌़"
          ]
        ],
        [
          [
            ","
          ],
          [
            " "
          ],
          [
            ".",
            "#",
            "!",
            ",",
            "?",
            "-",
            ":",
            "'",
            "@"
          ]
        ]
      ]
    },
    {
      "level": "opt",
      "mode": "locked",
      "rows": [
        [
          [
            "१",
            "¹",
            "½",
            "⅓",
            "¼",
            "⅛"
          ],
          [
            "२",
            "²",
            "⅔"
          ],
          [
            "३",
            "³",
            "¾",
            "⅜"
          ],
          [
            "४",
            "⁴"
          ],
          [
            "५",
            "⅝"
          ],
          [
            "६"
          ],
          [
            "७",
            "⅞"
          ],
          [
            "८"
          ],
          [
            "९"
          ],
          [
            "०",
            "ⁿ",
            "∅"
          ]
        ],
        [
          [
            "@"
          ],
          [
            "#"
          ],
          [
            "₹",
            "$",
            "¢",
            "€",
            "£",
            "¥",
            "₱"
          ],
          [
            "%",
            "‰"
          ],
          [
            "&"
          ],
          [
            "-",
            "_",
            "–",
            "—",
            "·"
          ],
          [
            "+",
            "±"
          ],
          [
            "(",
            "<",
            "{",
            "["
          ],
          [
            ")",
            ">",
            "}",
            "]"
          ]
        ],
        [
          [
            "*",
            "†",
            "‡",
            "★"
          ],
          [
            "\"",
            "“",
            "”",
            "«",
            "»"
          ],
          [
            "'",
            "‘",
            "’",
            "‹",
            "›"
          ],
          [
            ":"
          ],
          [
            ";"
          ],
          [
            "!",
            "¡"
          ],
          [
            "?",
            "¿"
          ]
        ],
        [
          [
            "_"
          ],
          [
            "/"
          ],
          [
            " "
          ],
          [
            ","
          ],
          [
            ".",
            "…"
          ]
        ]
      ]
    },
    {
      "level": "opt+shift",
      "mode": "locked",
      "rows": [
        [
          [
            "~"
          ],
          [
            "`"
          ],
          [
            "|"
          ],
          [
            "•",
            "♪",
            "♥",
            "♠",
            "♦",
            "♣"
          ],
          [
            "√"
          ],
          [
            "Π",
            "π"
          ],
          [
            "÷"
          ],
          [
            "×"
          ],
          [
            "¶",
            "§"
          ],
          [
            "∆"
          ]
        ],
        [
          [
            "£"
          ],
          [
            "€"
          ],
          [
            "$",
            "¢"
          ],
          [
            "¢"
          ],
          [
            "^",
            "↑",
            "↓",
            "←",
            "→"
          ],
          [
            "°",
            "′",
            "″"
          ],
          [
            "=",
            "≠",
            "≈",
            "∞"
          ],
          [
            "{"
          ],
          [
            "}"
          ]
        ],
        [
          [
            "\\"
          ],
          [
            "©"
          ],
          [
            "®"
          ],
          [
            "™"
          ],
          [
            "℅"
          ],
          [
            "["
          ],
          [
            "]"
          ]
        ],
        [
          [
            "<",
            "‹",
            "≤",
            "«"
          ],
          [
            ">",
            "›",
            "≥",
            "»"
          ],
          [
            " "
          ],
          [
            ","
          ],
          [
            ".",
            "…"
          ]
        ]
      ]
    }
  ],
  "locale": "hi",
  "name": "Hindi"
}