{
  "levels": [
    {
      "level": "",
      "mode": "default",
      "rows": [
        [
          [
            "െ"
          ],
          [
            "ൌ"
          ],
          [
            "ൈ"
          ],
          [
            "ാ"
          ],
          [
            "ീ"
          ],
          [
            "ൂ"
          ],
          [
            "ബ"
          ],
          [
            "ഹ"
          ],
          [
            "ഗ"
          ],
          [
            "ദ"
          ],
          [
            "ജ"
          ],
          [
            "ഡ"
          ],
          [
            "‍"
          ]
        ],
        [
          [
            "ോ"
          ],
          [
            "േ"
          ],
          [
            "്"
          ],
          [
            "ി"
          ],
          [
            "ു"
          ],
          [
            "പ"
          ],
          [
            "ര"
          ],
          [
            "ക"
          ],
          [
            "ത"
          ],
          [
            "ച"
          ],
          [
            "ട"
          ]
        ],
        [
          [
            "െ"
          ],
          [
            "ം"
          ],
          [
            "മ",
            "ç"
          ],
          [
            "ന"
          ],
          [
            "വ"
          ],
          [
            "ല",
            "ñ"
          ],
          [
            "സ"
          ],
          [
            "ഷ"
          ],
          [
            "യ"
          ]
        ],
        [
          [
            ","
          ],
          [
            " "
          ],
          [
            ".",
            "#",
            "!",
            ",",
            "?",
            "-",
            ":",
            "'",
            "@"
          ]
        ]
      ]
    },
    {
      "level": "shift",
      "mode": "latched",
      "rows": [
        [
          [
            "ഔ"
          ],
          [
            "ഐ"
          ],
          [
            "ആ"
          ],
          [
            "ഈ"
          ],
          [
            "ഊ"
          ],
          [
            "ഭ"
          ],
          [
            "ങ"
          ],
          [
            "ഘ"
          ],
          [
            "ധ"
          ],
          [
            "ഝ"
          ],
          [
            "ഢ"
          ],
          [
            "ഞ"
          ]
        ],
        [
          [
            "ഓ"
          ],
          [
            "ഏ"
          ],
          [
            "അ"
          ],
          [
            "ഇ"
          ],
          [
            "ഉ"
          ],
          [
            "ഫ"
          ],
          [
            "റ"
          ],
          [
            "ഖ"
          ],
          [
            "ഥ"
          ],
          [
            "ഛ"
          ],
          [
            "ഠ"
          ]
        ],
        [
          [
            "എ"
          ],
          [
            "​"
          ],
          [
            "ണ"
          ],
          [
            "ന"
          ],
          [
            "ഴ"
          ],
          [
            "ള"
          ],
          [
            "ശ"
          ],
          [
            "ഷ"
          ],
          [
            "യ"
          ]
        ],
        [
          [
            ","
          ],
          [
            " "
          ],
          [
            ".",
            "#",
            "!",
            ",",
            "?",
            "-",
            ":",
            "'",
            "@"
          ]
        ]
      ]
    },
    {
      "level": "opt",
      "mode": "locked",
      "rows": [
        [
          [
            "൧",
            "1",
            "¹",
            "½",
            "⅓",
            "¼",
            "⅛"
          ],
          [
            "൨",
            "2",
            "²",
            "⅔"
          ],
          [
            "൩",
            "3",
            "³",
            "¾",
            "⅜"
          ],
          [
            "൪",
            "4",
            "⁴"
          ],
          [
            "൫",
            "5",
            "⅝"
          ],
          [
            "൬",
            "6"
          ],
          [
            "൭",
            "7",
            "⅞"
          ],
          [
            "൮",
            "8"
          ],
          [
            "൯",
            "9"
          ],
          [
            "൦",
            "0",
            "ⁿ",
            "∅"
          ]
        ],
        [
          [
            "@"
          ],
          [
            "#"
          ],
          [
            "₹",
            "$",
            "¢",
            "£",
            "€",
            "¥",
            "₱"
          ],
          [
            "%",
            "‰"
          ],
          [
            "&"
          ],
          [
            "-",
            "_",
            "–",
            "—",
            "·"
          ],
          [
            "+",
            "±"
          ],
          [
            "(",
            "<",
            "{",
            "["
          ],
          [
            ")",
            ">",
            "}",
            "]"
          ]
        ],
        [
          [
            "*",
            "†",
            "‡",
            "★"
          ],
          [
            "\"",
            "“",
            "”",
            "«",
            "»"
          ],
          [
            "'",
            "‘",
            "’",
            "‹",
            "›"
          ],
          [
            ":"
          ],
          [
            ";"
          ],
          [
            "!",
            "¡"
          ],
          [
            "?",
            "¿"
          ]
        ],
        [
          [
            "_"
          ],
          [
            "/"
          ],
          [
            " "
          ],
          [
            ","
          ],
          [
            ".",
            "…"
          ]
        ]
      ]
    },
    {
      "level": "opt+shift",
      "mode": "locked",
      "rows": [
        [
          [
            "~"
          ],
          [
            "`"
          ],
          [
            "|"
          ],
          [
            "•",
            "♪",
            "♥",
            "♠",
            "♦",
            "♣"
          ],
          [
            "√"
          ],
          [
            "Π",
            "π"
          ],
          [
            "÷"
          ],
          [
            "×"
          ],
          [
            "¶",
            "§"
          ],
          [
            "∆"
          ]
        ],
        [
          [
            "£"
          ],
          [
            "¢"
          ],
          [
            "€"
          ],
          [
            "¥"
          ],
          [
            "^",
            "↑",
            "↓",
            "←",
            "→"
          ],
          [
            "°",
            "′",
            "″"
          ],
          [
            "=",
            "≠",
            "≈",
            "∞"
          ],
          [
            "{"
          ],
          [
            "}"
          ]
        ],
        [
          [
            "\\"
          ],
          [
            "©"
          ],
          [
            "®"
          ],
          [
            "™"
          ],
          [
            "℅"
          ],
          [
            "["
          ],
          [
            "]"
          ]
        ],
        [
          [
            "<",
            "‹",
            "≤",
            "«"
          ],
          [
            ">",
            "›",
            "≥",
            "»"
          ],
          [
            " "
          ],
          [
            ","
          ],
          [
            ".",
            "…"
          ]
        ]
      ]
    }
  ],
  "locale": "ml",
  "name": "Malayalam"
}
