{
  "levels": [
    {
      "level": "",
      "mode": "default",
      "rows": [
        [
          [
            "ض"
          ],
          [
            "ص"
          ],
          [
            "ث"
          ],
          [
            "ق",
            "ڨ"
          ],
          [
            "ف",
            "ڤ",
            "ڢ",
            "ڥ"
          ],
          [
            "غ"
          ],
          [
            "ع"
          ],
          [
            "ه",
            "ه‍"
          ],
          [
            "خ"
          ],
          [
            "ح"
          ],
          [
            "ج",
            "چ"
          ]
        ],
        [
          [
            "ش",
            "ڜ"
          ],
          [
            "س"
          ],
          [
            "ي",
            "ئ",
            "ى"
          ],
          [
            "ب",
            "پ"
          ],
          [
            "ل",
            "لا",
            "لأ",
            "لإ",
            "لآ"
          ],
          [
            "ا",
            "آ",
            "ء",
            "أ",
            "إ",
            "ٱ"
          ],
          [
            "ت"
          ],
          [
            "ن"
          ],
          [
            "م"
          ],
          [
            "ك",
            "گ",
            "ک"
          ],
          [
            "ط"
          ]
        ],
        [
          [
            "ذ"
          ],
          [
            "ء"
          ],
          [
            "ؤ"
          ],
          [
            "ر"
          ],
          [
            "ى",
            "ئ"
          ],
          [
            "ة"
          ],
          [
            "و"
          ],
          [
            "ز",
            "ژ"
          ],
          [
            "ظ"
          ],
          [
            "د"
          ]
        ],
        [
          [
            "،"
          ],
          [
            " "
          ],
          [
            " "
          ],
          [
            ".",
            "\"",
            "'",
            "#",
            "-",
            ":",
            "!",
            "،",
            "؟",
            "@",
            "&",
            "%",
            "+",
            "؛",
            "/",
            ")",
            "("
          ]
        ]
      ]
    },
    {
      "level": "opt",
      "mode": "locked",
      "rows": [
        [
          [
            "۱",
            "¹",
            "½",
            "⅓",
            "¼",
            "⅛"
          ],
          [
            "۲",
            "²",
            "⅔"
          ],
          [
            "۳",
            "³",
            "¾",
            "⅜"
          ],
          [
            "۴",
            "⁴"
          ],
          [
            "۵",
            "⅝"
          ],
          [
            "۶"
          ],
          [
            "۷",
            "⅞"
          ],
          [
            "۸"
          ],
          [
            "۹"
          ],
          [
            "۰",
            "ⁿ",
            "∅"
          ]
        ],
        [
          [
            "٬",
            "@"
          ],
          [
            "٫",
            "#"
          ],
          [
            "﷼",
            "$",
            "¢",
            "€",
            "£",
            "¥",
            "₱"
          ],
          [
            "٪",
            "%",
            "‰"
          ],
          [
            "&"
          ],
          [
            "-",
            "_",
            "–",
            "—",
            "·"
          ],
          [
            "+",
            "±"
          ],
          [
            "(",
            "﴿",
            ">",
            "}",
            "]"
          ],
          [
            ")",
            "﴾",
            "<",
            "{",
            "["
          ]
        ],
        [
          [
            "*",
            "★",
            "٭"
          ],
          [
            "«",
            "“",
            "”",
            "«",
            "»"
          ],
          [
            "»",
            "‘",
            "’",
            "‹",
            "›"
          ],
          [
            ":"
          ],
          [
            "؛",
            ";"
          ],
          [
            "!",
            "¡"
          ],
          [
            "؟",
            "?"
          ]
        ],
        [
          [
            "_"
          ],
          [
            "/"
          ],
          [
            " "
          ],
          [
            "،",
            ":",
            "!",
            "؟",
            "؛",
            "-",
            "/",
            "»",
            "«"
          ],
          [
            ".",
            "ٕ",
            "ٔ",
            "ْ",
            "ٍ",
            "ٌ",
            "ً",
            "ّ",
            "ٖ",
            "ٰ",
            "ٓ",
            "ِ",
            "ُ",
            "َ",
            "ـ"
          ]
        ]
      ]
    },
    {
      "level": "opt+shift",
      "mode": "locked",
      "rows": [
        [
          [
            "~"
          ],
          [
            "`"
          ],
          [
            "|"
          ],
          [
            "•",
            "♪"
          ],
          [
            "√"
          ],
          [
            "Π",
            "π"
          ],
          [
            "÷"
          ],
          [
            "×"
          ],
          [
            "¶",
            "§"
          ],
          [
            "∆"
          ]
        ],
        [
          [
            "£"
          ],
          [
            "€"
          ],
          [
            "$",
            "¢"
          ],
          [
            "¢"
          ],
          [
            "^",
            "↑",
            "↓",
            "←",
            "→"
          ],
          [
            "°",
            "′",
            "″"
          ],
          [
            "=",
            "≠",
            "≈",
            "∞"
          ],
          [
            "{"
          ],
          [
            "}"
          ]
        ],
        [
          [
            "\\"
          ],
          [
            "©"
          ],
          [
            "®"
          ],
          [
            "™"
          ],
          [
            "℅"
          ],
          [
            "["
          ],
          [
            "]"
          ]
        ],
        [
          [
            "«",
            "›",
            "≥",
            ">"
          ],
          [
            "»",
            "‹",
            "≤",
            "<"
          ],
          [
            " "
          ],
          [
            "،",
            ":",
            "!",
            "؟",
            "؛",
            "-",
            "/",
            "»",
            "«"
          ],
          [
            ".",
            "ٕ",
            "ٔ",
            "ْ",
            "ٍ",
            "ٌ",
            "ً",
            "ّ",
            "ٖ",
            "ٰ",
            "ٓ",
            "ِ",
            "ُ",
            "َ",
            "ـ"
          ]
        ]
      ]
    }
  ],
  "locale": "fa",
  "name": "Persian"
}