{
  "levels": [
    {
      "level": "",
      "mode": "default",
      "rows": [
        [
          [
            "១",
            "៱"
          ],
          [
            "២",
            "៲"
          ],
          [
            "៣",
            "៳"
          ],
          [
            "៤",
            "៴"
          ],
          [
            "៥",
            "៵"
          ],
          [
            "៦",
            "៶"
          ],
          [
            "៧",
            "៷"
          ],
          [
            "៨",
            "៸"
          ],
          [
            "៩",
            "៹"
          ],
          [
            "០",
            "៰"
          ],
          [
            "ឥ",
            "",
            "ឦ"
          ],
          [
            "ឲ",
            "ឱ"
          ]
        ],
        [
          [
            "ឆ"
          ],
          [
            "ឹ"
          ],
          [
            "េ"
          ],
          [
            "រ"
          ],
          [
            "ត"
          ],
          [
            "យ"
          ],
          [
            "ុ"
          ],
          [
            "ិ"
          ],
          [
            "ោ"
          ],
          [
            "ផ"
          ],
          [
            "ៀ"
          ],
          [
            "ឪ",
            "ឧ",
            "ឱ",
            "ឳ",
            "ឩ",
            "ឨ"
          ]
        ],
        [
          [
            "ា"
          ],
          [
            "ស"
          ],
          [
            "ដ"
          ],
          [
            "ថ"
          ],
          [
            "ង"
          ],
          [
            "ហ"
          ],
          [
            "្"
          ],
          [
            "ក"
          ],
          [
            "ល"
          ],
          [
            "ើ"
          ],
          [
            "់"
          ],
          [
            "ឮ",
            "ឭ",
            "ឰ"
          ]
        ],
        [
          [
            "ឋ"
          ],
          [
            "ខ"
          ],
          [
            "ច"
          ],
          [
            "វ"
          ],
          [
            "ប"
          ],
          [
            "ន"
          ],
          [
            "ម"
          ],
          [
            "ុំ"
          ],
          [
            "។"
          ],
          [
            "៊"
          ]
        ],
        [
          [
            ","
          ],
          [
            " "
          ],
          [
            ".",
            "#",
            "!",
            ",",
            "?",
            "-",
            ":",
            "'",
            "@"
          ]
        ]
      ]
    },
    {
      "level": "opt",
      "mode": "locked",
      "rows": [
        [
          [
            "1",
            "¹",
            "½",
            "⅓",
            "¼",
            "⅛"
          ],
          [
            "2",
            "²",
            "⅔"
          ],
          [
            "3",
            "³",
            "¾",
            "⅜"
          ],
          [
            "4",
            "⁴"
          ],
          [
            "5",
            "⅝"
          ],
          [
            "6"
          ],
          [
            "7",
            "⅞"
          ],
          [
            "8"
          ],
          [
            "9"
          ],
          [
            "0",
            "ⁿ",
            "∅"
          ]
        ],
        [
          [
            "@"
          ],
          [
            "#"
          ],
          [
            "$",
            "៛",
            "¢",
            "£",
            "€",
            "¥",
            "₱"
          ],
          [
            "%",
            "‰"
          ],
          [
            "&"
          ],
          [
            "-",
            "_",
            "–",
            "—",
            "·"
          ],
          [
            "+",
            "±"
          ],
          [
            "(",
            "<",
            "{",
            "["
          ],
          [
            ")",
            ">",
            "}",
            "]"
          ]
        ],
        [
          [
            "*",
            "†",
            "‡",
            "★"
          ],
          [
            "\"",
            "“",
            "”",
            "«",
            "»"
          ],
          [
            "'",
            "‘",
            "’",
            "‹",
            "›"
          ],
          [
            ":"
          ],
          [
            ";"
          ],
          [
            "!",
            "¡"
          ],
          [
            "?",
            "¿"
          ]
        ],
        [
          [
            "_"
          ],
          [
            "/"
          ],
          [
            " "
          ],
          [
            ","
          ],
          [
            ".",
            "…"
          ]
        ]
      ]
    },
    {
      "level": "opt+shift",
      "mode": "locked",
      "rows": [
        [
          [
            "~"
          ],
          [
            "`"
          ],
          [
            "|"
          ],
          [
            "•",
            "♪",
            "♥",
            "♠",
            "♦",
            "♣"
          ],
          [
            "√"
          ],
          [
            "Π",
            "π"
          ],
          [
            "÷"
          ],
          [
            "×"
          ],
          [
            "¶",
            "§"
          ],
          [
            "∆"
          ]
        ],
        [
          [
            "£"
          ],
          [
            "¢"
          ],
          [
            "€"
          ],
          [
            "¥"
          ],
          [
            "^",
            "↑",
            "↓",
            "←",
            "→"
          ],
          [
            "°",
            "′",
            "″"
          ],
          [
            "=",
            "≠",
            "≈",
            "∞"
          ],
          [
            "{"
          ],
          [
            "}"
          ]
        ],
        [
          [
            "\\"
          ],
          [
            "©"
          ],
          [
            "®"
          ],
          [
            "™"
          ],
          [
            "℅"
          ],
          [
            "["
          ],
          [
            "]"
          ]
        ],
        [
          [
            "<",
            "‹",
            "≤",
            "«"
          ],
          [
            ">",
            "›",
            "≥",
            "»"
          ],
          [
            " "
          ],
          [
            ","
          ],
          [
            ".",
            "…"
          ]
        ]
      ]
    }
  ],
  "locale": "km",
  "name": "Khmer"
}