{
  "levels": [
    {
      "level": "",
      "mode": "default",
      "rows": [
        [
          [
            "ຢ",
            "໑"
          ],
          [
            "ຟ",
            "໒"
          ],
          [
            "ໂ",
            "໓"
          ],
          [
            "ຖ",
            "໔"
          ],
          [
            "ຸ"
          ],
          [
            "ູ"
          ],
          [
            "ຄ",
            "໕"
          ],
          [
            "ຕ",
            "໖"
          ],
          [
            "ຈ",
            "໗"
          ],
          [
            "ຂ",
            "໘"
          ],
          [
            "ຊ",
            "໙"
          ],
          [
            "ໍ"
          ]
        ],
        [
          [
            "ົ"
          ],
          [
            "ໄ",
            "໐"
          ],
          [
            "ຳ"
          ],
          [
            "ພ"
          ],
          [
            "ະ"
          ],
          [
            "ິ"
          ],
          [
            "ີ"
          ],
          [
            "ຮ"
          ],
          [
            "ນ"
          ],
          [
            "ຍ"
          ],
          [
            "ບ"
          ],
          [
            "ລ"
          ]
        ],
        [
          [
            "ັ"
          ],
          [
            "ຫ"
          ],
          [
            "ກ"
          ],
          [
            "ດ"
          ],
          [
            "ເ"
          ],
          [
            "້"
          ],
          [
            "່"
          ],
          [
            "າ"
          ],
          [
            "ສ"
          ],
          [
            "ວ"
          ],
          [
            "ງ"
          ],
          [
            "“"
          ]
        ],
        [
          [
            "ຜ"
          ],
          [
            "ປ"
          ],
          [
            "ແ"
          ],
          [
            "ອ"
          ],
          [
            "ຶ"
          ],
          [
            "ື"
          ],
          [
            "ທ"
          ],
          [
            "ມ"
          ],
          [
            "ໃ"
          ],
          [
            "ຝ"
          ]
        ],
        [
          [
            ","
          ],
          [
            " "
          ],
          [
            ".",
            "#",
            "!",
            ",",
            "?",
            "-",
            ":",
            "'",
            "@"
          ]
        ]
      ]
    },
    {
      "level": "opt",
      "mode": "locked",
      "rows": [
        [
          [
            "1",
            "¹",
            "½",
            "⅓",
            "¼",
            "⅛"
          ],
          [
            "2",
            "²",
            "⅔"
          ],
          [
            "3",
            "³",
            "¾",
            "⅜"
          ],
          [
            "4",
            "⁴"
          ],
          [
            "5",
            "⅝"
          ],
          [
            "6"
          ],
          [
            "7",
            "⅞"
          ],
          [
            "8"
          ],
          [
            "9"
          ],
          [
            "0",
            "ⁿ",
            "∅"
          ]
        ],
        [
          [
            "@"
          ],
          [
            "#"
          ],
          [
            "₭",
            "$",
            "¢",
            "€",
            "£",
            "¥",
            "₱"
          ],
          [
            "%",
            "‰"
          ],
          [
            "&"
          ],
          [
            "-",
            "_",
            "–",
            "—",
            "·"
          ],
          [
            "+",
            "±"
          ],
          [
            "(",
            "<",
            "{",
            "["
          ],
          [
            ")",
            ">",
            "}",
            "]"
          ]
        ],
        [
          [
            "*",
            "†",
            "‡",
            "★"
          ],
          [
            "\"",
            "“",
            "”",
            "«",
            "»"
          ],
          [
            "'",
            "‘",
            "’",
            "‹",
            "›"
          ],
          [
            ":"
          ],
          [
            ";"
          ],
          [
            "!",
            "¡"
          ],
          [
            "?",
            "¿"
          ]
        ],
        [
          [
            "_"
          ],
          [
            "/"
          ],
          [
            " "
          ],
          [
            ","
          ],
          [
            ".",
            "…"
          ]
        ]
      ]
    },
    {
      "level": "opt+shift",
      "mode": "locked",
      "rows": [
        [
          [
            "~"
          ],
          [
            "`"
          ],
          [
            "|"
          ],
          [
            "•",
            "♪",
            "♥",
            "♠",
            "♦",
            "♣"
          ],
          [
            "√"
          ],
          [
            "Π",
            "π"
          ],
          [
            "÷"
          ],
          [
            "×"
          ],
          [
            "¶",
            "§"
          ],
          [
            "∆"
          ]
        ],
        [
          [
            "£"
          ],
          [
            "€"
          ],
          [
            "$",
            "¢"
          ],
          [
            "¢"
          ],
          [
            "^",
            "↑",
            "↓",
            "←",
            "→"
          ],
          [
            "°",
            "′",
            "″"
          ],
          [
            "=",
            "≠",
            "≈",
            "∞"
          ],
          [
            "{"
          ],
          [
            "}"
          ]
        ],
        [
          [
            "\\"
          ],
          [
            "©"
          ],
          [
            "®"
          ],
          [
            "™"
          ],
          [
            "℅"
          ],
          [
            "["
          ],
          [
            "]"
          ]
        ],
        [
          [
            "<",
            "‹",
            "≤",
            "«"
          ],
          [
            ">",
            "›",
            "≥",
            "»"
          ],
          [
            " "
          ],
          [
            ","
          ],
          [
            ".",
            "…"
          ]
        ]
      ]
    }
  ],
  "locale": "lo",
  "name": "Lao"
}