{
  "levels": [
    {
      "level": "",
      "mode": "default",
      "rows": [
        [
          [
            "љ"
          ],
          [
            "њ"
          ],
          [
            "е",
            "ѐ"
          ],
          [
            "р"
          ],
          [
            "т"
          ],
          [
            "з"
          ],
          [
            "у"
          ],
          [
            "и",
            "ѝ"
          ],
          [
            "о"
          ],
          [
            "п"
          ],
          [
            "ш"
          ]
        ],
        [
          [
            "а"
          ],
          [
            "с"
          ],
          [
            "д"
          ],
          [
            "ф"
          ],
          [
            "г"
          ],
          [
            "х"
          ],
          [
            "ј"
          ],
          [
            "к"
          ],
          [
            "л"
          ],
          [
            "ч"
          ],
          [
            "ћ"
          ]
        ],
        [
          [
            "ѕ"
          ],
          [
            "џ"
          ],
          [
            "ц"
          ],
          [
            "в"
          ],
          [
            "б"
          ],
          [
            "н"
          ],
          [
            "м"
          ],
          [
            "ђ"
          ],
          [
            "ж"
          ]
        ],
        [
          [
            ","
          ],
          [
            " "
          ],
          [
            ".",
            "#",
            "!",
            ",",
            "?",
            "-",
            ":",
            "'",
            "@"
          ]
        ]
      ]
    },
    {
      "level": "shift",
      "mode": "latched",
      "rows": [
        [
          [
            "Љ"
          ],
          [
            "Њ"
          ],
          [
            "Е",
            "Ѐ"
          ],
          [
            "Р"
          ],
          [
            "Т"
          ],
          [
            "З"
          ],
          [
            "У"
          ],
          [
            "И",
            "Ѝ"
          ],
          [
            "О"
          ],
          [
            "П"
          ],
          [
            "Ш"
          ]
        ],
        [
          [
            "А"
          ],
          [
            "С"
          ],
          [
            "Д"
          ],
          [
            "Ф"
          ],
          [
            "Г"
          ],
          [
            "Х"
          ],
          [
            "Ј"
          ],
          [
            "К"
          ],
          [
            "Л"
          ],
          [
            "Ч"
          ],
          [
            "Ћ"
          ]
        ],
        [
          [
            "Ѕ"
          ],
          [
            "Џ"
          ],
          [
            "Ц"
          ],
          [
            "В"
          ],
          [
            "Б"
          ],
          [
            "Н"
          ],
          [
            "М"
          ],
          [
            "Ђ"
          ],
          [
            "Ж"
          ]
        ],
        [
          [
            ","
          ],
          [
            " "
          ],
          [
            ".",
            "#",
            "!",
            ",",
            "?",
            "-",
            ":",
            "'",
            "@"
          ]
        ]
      ]
    },
    {
      "level": "opt",
      "mode": "locked",
      "rows": [
        [
          [
            "1",
            "¹",
            "½",
            "⅓",
            "¼",
            "⅛"
          ],
          [
            "2",
            "²",
            "⅔"
          ],
          [
            "3",
            "³",
            "¾",
            "⅜"
          ],
          [
            "4",
            "⁴"
          ],
          [
            "5",
            "⅝"
          ],
          [
            "6"
          ],
          [
            "7",
            "⅞"
          ],
          [
            "8"
          ],
          [
            "9"
          ],
          [
            "0",
            "ⁿ",
            "∅"
          ]
        ],
        [
          [
            "@"
          ],
          [
            "#"
          ],
          [
            "$",
            "¢",
            "£",
            "€",
            "¥",
            "₱"
          ],
          [
            "%",
            "‰"
          ],
          [
            "&"
          ],
          [
            "-",
            "_",
            "–",
            "—",
            "·"
          ],
          [
            "+",
            "±"
          ],
          [
            "(",
            "<",
            "{",
            "["
          ],
          [
            ")",
            ">",
            "}",
            "]"
          ]
        ],
        [
          [
            "*",
            "†",
            "‡",
            "★"
          ],
          [
            "\"",
            "“",
            "”",
            "«",
            "»"
          ],
          [
            "'",
            "‘",
            "’",
            "‹",
            "›"
          ],
          [
            ":"
          ],
          [
            ";"
          ],
          [
            "!",
            "¡"
          ],
          [
            "?",
            "¿"
          ]
        ],
        [
          [
            "_"
          ],
          [
            "/"
          ],
          [
            " "
          ],
          [
            ","
          ],
          [
            ".",
            "…"
          ]
        ]
      ]
    },
    {
      "level": "opt+shift",
      "mode": "locked",
      "rows": [
        [
          [
            "~"
          ],
          [
            "`"
          ],
          [
            "|"
          ],
          [
            "•",
            "♪",
            "♥",
            "♠",
            "♦",
            "♣"
          ],
          [
            "√"
          ],
          [
            "Π",
            "π"
          ],
          [
            "÷"
          ],
          [
            "×"
          ],
          [
            "¶",
            "§"
          ],
          [
            "∆"
          ]
        ],
        [
          [
            "£"
          ],
          [
            "¢"
          ],
          [
            "€"
          ],
          [
            "¥"
          ],
          [
            "^",
            "↑",
            "↓",
            "←",
            "→"
          ],
          [
            "°",
            "′",
            "″"
          ],
          [
            "=",
            "≠",
            "≈",
            "∞"
          ],
          [
            "{"
          ],
          [
            "}"
          ]
        ],
        [
          [
            "\\"
          ],
          [
            "©"
          ],
          [
            "®"
          ],
          [
            "™"
          ],
          [
            "℅"
          ],
          [
            "["
          ],
          [
            "]"
          ]
        ],
        [
          [
            "<",
            "‹",
            "≤",
            "«"
          ],
          [
            ">",
            "›",
            "≥",
            "»"
          ],
          [
            " "
          ],
          [
            ","
          ],
          [
            ".",
            "…"
          ]
        ]
      ]
    }
  ],
  "locale": "sr",
  "name": "Serbian"
}