{
  "levels": [
    {
      "level": "",
      "mode": "default",
      "rows": [
        [
          [
            "q"
          ],
          [
            "w"
          ],
          [
            "e",
            "é",
            "ě",
            "ē",
            "ė",
            "è",
            "ê",
            "ë",
            "ę"
          ],
          [
            "r",
            "ŕ",
            "ř",
            "ŗ"
          ],
          [
            "t",
            "ť",
            "ţ"
          ],
          [
            "y",
            "ý",
            "ÿ"
          ],
          [
            "u",
            "ú",
            "ů",
            "ü",
            "ū",
            "ų",
            "ù",
            "û",
            "ű"
          ],
          [
            "i",
            "í",
            "ī",
            "į",
            "ì",
            "î",
            "ï",
            "ı"
          ],
          [
            "o",
            "ô",
            "ó",
            "ö",
            "ò",
            "õ",
            "œ",
            "ő",
            "ø"
          ],
          [
            "p"
          ]
        ],
        [
          [
            "a",
            "á",
            "ä",
            "ā",
            "à",
            "â",
            "ã",
            "å",
            "æ",
            "ą"
          ],
          [
            "s",
            "š",
            "ß",
            "ś",
            "ş"
          ],
          [
            "d",
            "ď"
          ],
          [
            "f"
          ],
          [
            "g",
            "ģ",
            "ğ"
          ],
          [
            "h"
          ],
          [
            "j"
          ],
          [
            "k",
            "ķ"
          ],
          [
            "l",
            "ľ",
            "ĺ",
            "ļ",
            "ł"
          ]
        ],
        [
          [
            "z",
            "ž",
            "ż",
            "ź"
          ],
          [
            "x"
          ],
          [
            "c",
            "č",
            "ç",
            "ć"
          ],
          [
            "v"
          ],
          [
            "b"
          ],
          [
            "n",
            "ň",
            "ņ",
            "ñ",
            "ń",
            "ń"
          ],
          [
            "m"
          ]
        ],
        [
          [
            ","
          ],
          [
            " "
          ],
          [
            ".",
            "#",
            "!",
            ",",
            "?",
            "-",
            ":",
            "'",
            "@"
          ]
        ]
      ]
    },
    {
      "level": "shift",
      "mode": "latched",
      "rows": [
        [
          [
            "Q"
          ],
          [
            "W"
          ],
          [
            "E",
            "É",
            "Ě",
            "Ē",
            "Ė",
            "È",
            "Ê",
            "Ë",
            "Ę"
          ],
          [
            "R",
            "Ŕ",
            "Ř",
            "Ŗ"
          ],
          [
            "T",
            "Ť",
            "Ţ"
          ],
          [
            "Y",
            "Ý",
            "Ÿ"
          ],
          [
            "U",
            "Ú",
            "Ů",
            "Ü",
            "Ū",
            "Ų",
            "Ù",
            "Û",
            "Ű"
          ],
          [
            "I",
            "Í",
            "Ī",
            "Į",
            "Ì",
            "Î",
            "Ï",
            "I"
          ],
          [
            "O",
            "Ô",
            "Ó",
            "Ö",
            "Ò",
            "Õ",
            "Œ",
            "Ő",
            "Ø"
          ],
          [
            "P"
          ]
        ],
        [
          [
            "A",
            "Á",
            "Ä",
            "Ā",
            "À",
            "Â",
            "Ã",
            "Å",
            "Æ",
            "Ą"
          ],
          [
            "S",
            "Š",
            "SS",
            "Ś",
            "Ş"
          ],
          [
            "D",
            "Ď"
          ],
          [
            "F"
          ],
          [
            "G",
            "Ģ",
            "Ğ"
          ],
          [
            "H"
          ],
          [
            "J"
          ],
          [
            "K",
            "Ķ"
          ],
          [
            "L",
            "Ľ",
            "Ĺ",
            "Ļ",
            "Ł"
          ]
        ],
        [
          [
            "Z",
            "Ž",
            "Ż",
            "Ź"
          ],
          [
            "X"
          ],
          [
            "C",
            "Č",
            "Ç",
            "Ć"
          ],
          [
            "V"
          ],
          [
            "B"
          ],
          [
            "N",
            "Ň",
            "Ņ",
            "Ñ",
            "Ń",
            "Ń"
          ],
          [
            "M"
          ]
        ],
        [
          [
            ","
          ],
          [
            " "
          ],
          [
            ".",
            "#",
            "!",
            ",",
            "?",
            "-",
            ":",
            "'",
            "@"
          ]
        ]
      ]
    },
    {
      "level": "opt",
      "mode": "locked",
      "rows": [
        [
          [
            "1",
            "¹",
            "½",
            "⅓",
            "¼",
            "⅛"
          ],
          [
            "2",
            "²",
            "⅔"
          ],
          [
            "3",
            "³",
            "¾",
            "⅜"
          ],
          [
            "4",
            "⁴"
          ],
          [
            "5",
            "⅝"
          ],
          [
            "6"
          ],
          [
            "7",
            "⅞"
          ],
          [
            "8"
          ],
          [
            "9"
          ],
          [
            "0",
            "ⁿ",
            "∅"
          ]
        ],
        [
          [
            "@"
          ],
          [
            "#"
          ],
          [
            "€",
            "¢",
            "£",
            "$",
            "¥",
            "₱"
          ],
          [
            "%",
            "‰"
          ],
          [
            "&"
          ],
          [
            "-",
            "_",
            "–",
            "—",
            "·"
          ],
          [
            "+",
            "±"
          ],
          [
            "(",
            "<",
            "{",
            "["
          ],
          [
            ")",
            ">",
            "}",
            "]"
          ]
        ],
        [
          [
            "*",
            "†",
            "‡",
            "★"
          ],
          [
            "\"",
            "“",
            "”",
            "«",
            "»"
          ],
          [
            "'",
            "‘",
            "’",
            "‹",
            "›"
          ],
          [
            ":"
          ],
          [
            ";"
          ],
          [
            "!",
            "¡"
          ],
          [
            "?",
            "¿"
          ]
        ],
        [
          [
            "_"
          ],
          [
            "/"
          ],
          [
            " "
          ],
          [
            ","
          ],
          [
            ".",
            "…"
          ]
        ]
      ]
    },
    {
      "level": "opt+shift",
      "mode": "locked",
      "rows": [
        [
          [
            "~"
          ],
          [
            "`"
          ],
          [
            "|"
          ],
          [
            "•",
            "♪",
            "♥",
            "♠",
            "♦",
            "♣"
          ],
          [
            "√"
          ],
          [
            "Π",
            "π"
          ],
          [
            "÷"
          ],
          [
            "×"
          ],
          [
            "¶",
            "§"
          ],
          [
            "∆"
          ]
        ],
        [
          [
            "£"
          ],
          [
            "¥"
          ],
          [
            "$",
            "¢"
          ],
          [
            "¢"
          ],
          [
            "^",
            "↑",
            "↓",
            "←",
            "→"
          ],
          [
            "°",
            "′",
            "″"
          ],
          [
            "=",
            "≠",
            "≈",
            "∞"
          ],
          [
            "{"
          ],
          [
            "}"
          ]
        ],
        [
          [
            "\\"
          ],
          [
            "©"
          ],
          [
            "®"
          ],
          [
            "™"
          ],
          [
            "℅"
          ],
          [
            "["
          ],
          [
            "]"
          ]
        ],
        [
          [
            "<",
            "‹",
            "≤",
            "«"
          ],
          [
            ">",
            "›",
            "≥",
            "»"
          ],
          [
            " "
          ],
          [
            ","
          ],
          [
            ".",
            "…"
          ]
        ]
      ]
    }
  ],
  "locale": "sk",
  "name": "Slovak"
}