{
  "levels": [
    {
      "level": "",
      "mode": "default",
      "rows": [
        [
          [
            "ๅ"
          ],
          [
            "/",
            "๑"
          ],
          [
            "_",
            "๒"
          ],
          [
            "ภ",
            "๓"
          ],
          [
            "ถ",
            "๔"
          ],
          [
            "ุ"
          ],
          [
            "ึ"
          ],
          [
            "ค",
            "๕"
          ],
          [
            "ต",
            "๖"
          ],
          [
            "จ",
            "๗"
          ],
          [
            "ข",
            "๘"
          ],
          [
            "ช",
            "๙"
          ]
        ],
        [
          [
            "ๆ",
            "๐"
          ],
          [
            "ไ"
          ],
          [
            "ำ"
          ],
          [
            "พ"
          ],
          [
            "ะ"
          ],
          [
            "ั"
          ],
          [
            "ี"
          ],
          [
            "ร"
          ],
          [
            "น"
          ],
          [
            "ย"
          ],
          [
            "บ"
          ],
          [
            "ล"
          ]
        ],
        [
          [
            "ฟ"
          ],
          [
            "ห"
          ],
          [
            "ก"
          ],
          [
            "ด"
          ],
          [
            "เ"
          ],
          [
            "้"
          ],
          [
            "่"
          ],
          [
            "า"
          ],
          [
            "ส"
          ],
          [
            "ว"
          ],
          [
            "ง"
          ],
          [
            "ฃ"
          ]
        ],
        [
          [
            "ผ"
          ],
          [
            "ป"
          ],
          [
            "แ"
          ],
          [
            "อ"
          ],
          [
            "ิ"
          ],
          [
            "ื"
          ],
          [
            "ท"
          ],
          [
            "ม"
          ],
          [
            "ใ"
          ],
          [
            "ฝ"
          ]
        ],
        [
          [
            ","
          ],
          [
            " "
          ],
          [
            ".",
            "#",
            "!",
            ",",
            "?",
            "-",
            ":",
            "'",
            "@",
            " ๎",
            "๏",
            "๛",
            "๚"
          ]
        ]
      ]
    },
    {
      "level": "shift",
      "mode": "latched",
      "rows": [
        [
          [
            "+"
          ],
          [
            "๑"
          ],
          [
            "๒"
          ],
          [
            "๓"
          ],
          [
            "๔"
          ],
          [
            "ู"
          ],
          [
            "฿"
          ],
          [
            "๕"
          ],
          [
            "๖"
          ],
          [
            "๗"
          ],
          [
            "๘"
          ],
          [
            "๙"
          ]
        ],
        [
          [
            "๐"
          ],
          [
            "\""
          ],
          [
            "ฎ"
          ],
          [
            "ฑ"
          ],
          [
            "ธ"
          ],
          [
            "ํ"
          ],
          [
            "๊"
          ],
          [
            "ณ"
          ],
          [
            "ฯ"
          ],
          [
            "ญ"
          ],
          [
            "ฐ"
          ],
          [
            ","
          ]
        ],
        [
          [
            "ฤ"
          ],
          [
            "ฆ"
          ],
          [
            "ฏ"
          ],
          [
            "โ"
          ],
          [
            "ฌ"
          ],
          [
            "็"
          ],
          [
            "๋"
          ],
          [
            "ษ"
          ],
          [
            "ศ"
          ],
          [
            "ซ"
          ],
          [
            "."
          ],
          [
            "ฅ"
          ]
        ],
        [
          [
            "("
          ],
          [
            ")"
          ],
          [
            "ฉ"
          ],
          [
            "ฮ"
          ],
          [
            "ฺ"
          ],
          [
            "์"
          ],
          [
            "?"
          ],
          [
            "ฒ"
          ],
          [
            "ฬ"
          ],
          [
            "ฦ"
          ]
        ],
        [
          [
            ","
          ],
          [
            " "
          ],
          [
            ".",
            "#",
            "!",
            ",",
            "?",
            "-",
            ":",
            "'",
            "@",
            " ๎",
            "๏",
            "๛",
            "๚"
          ]
        ]
      ]
    },
    {
      "level": "opt",
      "mode": "locked",
      "rows": [
        [
          [
            "1",
            "¹",
            "½",
            "⅓",
            "¼",
            "⅛"
          ],
          [
            "2",
            "²",
            "⅔"
          ],
          [
            "3",
            "³",
            "¾",
            "⅜"
          ],
          [
            "4",
            "⁴"
          ],
          [
            "5",
            "⅝"
          ],
          [
            "6"
          ],
          [
            "7",
            "⅞"
          ],
          [
            "8"
          ],
          [
            "9"
          ],
          [
            "0",
            "ⁿ",
            "∅"
          ]
        ],
        [
          [
            "@"
          ],
          [
            "#"
          ],
          [
            "฿",
            "$",
            "¢",
            "€",
            "£",
            "¥",
            "₱"
          ],
          [
            "%",
            "‰"
          ],
          [
            "&"
          ],
          [
            "-",
            "_",
            "–",
            "—",
            "·"
          ],
          [
            "+",
            "±"
          ],
          [
            "(",
            "<",
            "{",
            "["
          ],
          [
            ")",
            ">",
            "}",
            "]"
          ]
        ],
        [
          [
            "*",
            "†",
            "‡",
            "★"
          ],
          [
            "\"",
            "“",
            "”",
            "«",
            "»"
          ],
          [
            "'",
            "‘",
            "’",
            "‹",
            "›"
          ],
          [
            ":"
          ],
          [
            ";"
          ],
          [
            "!",
            "¡"
          ],
          [
            "?",
            "¿"
          ]
        ],
        [
          [
            "_"
          ],
          [
            "/"
          ],
          [
            " "
          ],
          [
            ","
          ],
          [
            ".",
            "…"
          ]
        ]
      ]
    },
    {
      "level": "opt+shift",
      "mode": "locked",
      "rows": [
        [
          [
            "~"
          ],
          [
            "`"
          ],
          [
            "|"
          ],
          [
            "•",
            "♪",
            "♥",
            "♠",
            "♦",
            "♣"
          ],
          [
            "√"
          ],
          [
            "Π",
            "π"
          ],
          [
            "÷"
          ],
          [
            "×"
          ],
          [
            "¶",
            "§"
          ],
          [
            "∆"
          ]
        ],
        [
          [
            "£"
          ],
          [
            "€"
          ],
          [
            "$",
            "¢"
          ],
          [
            "¢"
          ],
          [
            "^",
            "↑",
            "↓",
            "←",
            "→"
          ],
          [
            "°",
            "′",
            "″"
          ],
          [
            "=",
            "≠",
            "≈",
            "∞"
          ],
          [
            "{"
          ],
          [
            "}"
          ]
        ],
        [
          [
            "\\"
          ],
          [
            "©"
          ],
          [
            "®"
          ],
          [
            "™"
          ],
          [
            "℅"
          ],
          [
            "["
          ],
          [
            "]"
          ]
        ],
        [
          [
            "<",
            "‹",
            "≤",
            "«"
          ],
          [
            ">",
            "›",
            "≥",
            "»"
          ],
          [
            " "
          ],
          [
            ","
          ],
          [
            ".",
            "…"
          ]
        ]
      ]
    }
  ],
  "locale": "th",
  "name": "Thai"
}