{
  "levels": [
    {
      "level": "",
      "mode": "default",
      "rows": [
        [
          [
            "q"
          ],
          [
            "w"
          ],
          [
            "e"
          ],
          [
            "r"
          ],
          [
            "t"
          ],
          [
            "y"
          ],
          [
            "u",
            "ü",
            "û",
            "ù",
            "ú",
            "ū"
          ],
          [
            "i",
            "ı",
            "î",
            "ï",
            "ì",
            "í",
            "į",
            "ī"
          ],
          [
            "o",
            "ö",
            "ô",
            "œ",
            "ò",
            "ó",
            "õ",
            "ø",
            "ō"
          ],
          [
            "p"
          ]
        ],
        [
          [
            "a",
            "â"
          ],
          [
            "s",
            "ş",
            "ß",
            "ś",
            "š"
          ],
          [
            "d"
          ],
          [
            "f"
          ],
          [
            "g",
            "ğ"
          ],
          [
            "h"
          ],
          [
            "j"
          ],
          [
            "k"
          ],
          [
            "l"
          ]
        ],
        [
          [
            "z"
          ],
          [
            "x"
          ],
          [
            "c",
            "ç",
            "ć",
            "č"
          ],
          [
            "v"
          ],
          [
            "b"
          ],
          [
            "n"
          ],
          [
            "m"
          ]
        ],
        [
          [
            ","
          ],
          [
            " "
          ],
          [
            ".",
            "#",
            "!",
            ",",
            "?",
            "-",
            ":",
            "'",
            "@"
          ]
        ]
      ]
    },
    {
      "level": "shift",
      "mode": "latched",
      "rows": [
        [
          [
            "Q"
          ],
          [
            "W"
          ],
          [
            "E"
          ],
          [
            "R"
          ],
          [
            "T"
          ],
          [
            "Y"
          ],
          [
            "U",
            "Ü",
            "Û",
            "Ù",
            "Ú",
            "Ū"
          ],
          [
            "İ",
            "I",
            "Î",
            "Ï",
            "Ì",
            "Í",
            "Į",
            "Ī"
          ],
          [
            "O",
            "Ö",
            "Ô",
            "Œ",
            "Ò",
            "Ó",
            "Õ",
            "Ø",
            "Ō"
          ],
          [
            "P"
          ]
        ],
        [
          [
            "A",
            "Â"
          ],
          [
            "S",
            "Ş",
            "SS",
            "Ś",
            "Š"
          ],
          [
            "D"
          ],
          [
            "F"
          ],
          [
            "G",
            "Ğ"
          ],
          [
            "H"
          ],
          [
            "J"
          ],
          [
            "K"
          ],
          [
            "L"
          ]
        ],
        [
          [
            "Z"
          ],
          [
            "X"
          ],
          [
            "C",
            "Ç",
            "Ć",
            "Č"
          ],
          [
            "V"
          ],
          [
            "B"
          ],
          [
            "N"
          ],
          [
            "M"
          ]
        ],
        [
          [
            ","
          ],
          [
            " "
          ],
          [
            ".",
            "#",
            "!",
            ",",
            "?",
            "-",
            ":",
            "'",
            "@"
          ]
        ]
      ]
    },
    {
      "level": "opt",
      "mode": "locked",
      "rows": [
        [
          [
            "1",
            "¹",
            "½",
            "⅓",
            "¼",
            "⅛"
          ],
          [
            "2",
            "²",
            "⅔"
          ],
          [
            "3",
            "³",
            "¾",
            "⅜"
          ],
          [
            "4",
            "⁴"
          ],
          [
            "5",
            "⅝"
          ],
          [
            "6"
          ],
          [
            "7",
            "⅞"
          ],
          [
            "8"
          ],
          [
            "9"
          ],
          [
            "0",
            "ⁿ",
            "∅"
          ]
        ],
        [
          [
            "@"
          ],
          [
            "#"
          ],
          [
            "€",
            "¢",
            "£",
            "$",
            "¥",
            "₱"
          ],
          [
            "%",
            "‰"
          ],
          [
            "&"
          ],
          [
            "-",
            "_",
            "–",
            "—",
            "·"
          ],
          [
            "+",
            "±"
          ],
          [
            "(",
            "<",
            "{",
            "["
          ],
          [
            ")",
            ">",
            "}",
            "]"
          ]
        ],
        [
          [
            "*",
            "†",
            "‡",
            "★"
          ],
          [
            "\"",
            "“",
            "”",
            "«",
            "»"
          ],
          [
            "'",
            "‘",
            "’",
            "‹",
            "›"
          ],
          [
            ":"
          ],
          [
            ";"
          ],
          [
            "!",
            "¡"
          ],
          [
            "?",
            "¿"
          ]
        ],
        [
          [
            "_"
          ],
          [
            "/"
          ],
          [
            " "
          ],
          [
            ","
          ],
          [
            ".",
            "…"
          ]
        ]
      ]
    },
    {
      "level": "opt+shift",
      "mode": "locked",
      "rows": [
        [
          [
            "~"
          ],
          [
            "`"
          ],
          [
            "|"
          ],
          [
            "•",
            "♪",
            "♥",
            "♠",
            "♦",
            "♣"
          ],
          [
            "√"
          ],
          [
            "Π",
            "π"
          ],
          [
            "÷"
          ],
          [
            "×"
          ],
          [
            "¶",
            "§"
          ],
          [
            "∆"
          ]
        ],
        [
          [
            "£"
          ],
          [
            "¥"
          ],
          [
            "$",
            "¢"
          ],
          [
            "¢"
          ],
          [
            "^",
            "↑",
            "↓",
            "←",
            "→"
          ],
          [
            "°",
            "′",
            "″"
          ],
          [
            "=",
            "≠",
            "≈",
            "∞"
          ],
          [
            "{"
          ],
          [
            "}"
          ]
        ],
        [
          [
            "\\"
          ],
          [
            "©"
          ],
          [
            "®"
          ],
          [
            "™"
          ],
          [
            "℅"
          ],
          [
            "["
          ],
          [
            "]"
          ]
        ],
        [
          [
            "<",
            "‹",
            "≤",
            "«"
          ],
          [
            ">",
            "›",
            "≥",
            "»"
          ],
          [
            " "
          ],
          [
            ","
          ],
          [
            ".",
            "…"
          ]
        ]
      ]
    }
  ],
  "locale": "tr",
  "name": "Turkish"
}