{
  "levels": [
    {
      "level": "",
      "mode": "default",
      "rows": [
        [
          [
            "q"
          ],
          [
            "w"
          ],
          [
            "e",
            "è",
            "é",
            "ê",
            "ë",
            "ē"
          ],
          [
            "r"
          ],
          [
            "t"
          ],
          [
            "y"
          ],
          [
            "u",
            "û",
            "ü",
            "ù",
            "ú",
            "ū"
          ],
          [
            "i",
            "î",
            "ï",
            "í",
            "ī",
            "ì"
          ],
          [
            "o",
            "ô",
            "ö",
            "ò",
            "ó",
            "œ",
            "ø",
            "ō",
            "õ"
          ],
          [
            "p"
          ]
        ],
        [
          [
            "a",
            "à",
            "á",
            "â",
            "ä",
            "æ",
            "ã",
            "å",
            "ā"
          ],
          [
            "s",
            "ß"
          ],
          [
            "d"
          ],
          [
            "f"
          ],
          [
            "g"
          ],
          [
            "h"
          ],
          [
            "j"
          ],
          [
            "k"
          ],
          [
            "l"
          ]
        ],
        [
          [
            "z"
          ],
          [
            "x"
          ],
          [
            "c",
            "ç"
          ],
          [
            "v"
          ],
          [
            "b"
          ],
          [
            "n",
            "ñ"
          ],
          [
            "m"
          ]
        ],
        [
          [
            ","
          ],
          [
            " "
          ],
          [
            ".",
            "#",
            "!",
            ",",
            "?",
            "-",
            ":",
            "'",
            "@"
          ]
        ]
      ]
    },
    {
      "level": "shift",
      "mode": "latched",
      "rows": [
        [
          [
            "Q"
          ],
          [
            "W"
          ],
          [
            "E",
            "È",
            "É",
            "Ê",
            "Ë",
            "Ē"
          ],
          [
            "R"
          ],
          [
            "T"
          ],
          [
            "Y"
          ],
          [
            "U",
            "Û",
            "Ü",
            "Ù",
            "Ú",
            "Ū"
          ],
          [
            "I",
            "Î",
            "Ï",
            "Í",
            "Ī",
            "Ì"
          ],
          [
            "O",
            "Ô",
            "Ö",
            "Ò",
            "Ó",
            "Œ",
            "Ø",
            "Ō",
            "Õ"
          ],
          [
            "P"
          ]
        ],
        [
          [
            "A",
            "À",
            "Á",
            "Â",
            "Ä",
            "Æ",
            "Ã",
            "Å",
            "Ā"
          ],
          [
            "S",
            "SS"
          ],
          [
            "D"
          ],
          [
            "F"
          ],
          [
            "G"
          ],
          [
            "H"
          ],
          [
            "J"
          ],
          [
            "K"
          ],
          [
            "L"
          ]
        ],
        [
          [
            "Z"
          ],
          [
            "X"
          ],
          [
            "C",
            "Ç"
          ],
          [
            "V"
          ],
          [
            "B"
          ],
          [
            "N",
            "Ñ"
          ],
          [
            "M"
          ]
        ],
        [
          [
            ","
          ],
          [
            " "
          ],
          [
            ".",
            "#",
            "!",
            ",",
            "?",
            "-",
            ":",
            "'",
            "@"
          ]
        ]
      ]
    },
    {
      "level": "opt",
      "mode": "locked",
      "rows": [
        [
          [
            "1",
            "¹",
            "½",
            "⅓",
            "¼",
            "⅛"
          ],
          [
            "2",
            "²",
            "⅔"
          ],
          [
            "3",
            "³",
            "¾",
            "⅜"
          ],
          [
            "4",
            "⁴"
          ],
          [
            "5",
            "⅝"
          ],
          [
            "6"
          ],
          [
            "7",
            "⅞"
          ],
          [
            "8"
          ],
          [
            "9"
          ],
          [
            "0",
            "ⁿ",
            "∅"
          ]
        ],
        [
          [
            "@"
          ],
          [
            "#"
          ],
          [
            "£",
            "¢",
            "$",
            "€",
            "¥",
            "₱"
          ],
          [
            "%",
            "‰"
          ],
          [
            "&"
          ],
          [
            "-",
            "_",
            "–",
            "—",
            "·"
          ],
          [
            "+",
            "±"
          ],
          [
            "(",
            "<",
            "{",
            "["
          ],
          [
            ")",
            ">",
            "}",
            "]"
          ]
        ],
        [
          [
            "*",
            "†",
            "‡",
            "★"
          ],
          [
            "\"",
            "“",
            "”",
            "«",
            "»"
          ],
          [
            "'",
            "‘",
            "’",
            "‹",
            "›"
          ],
          [
            ":"
          ],
          [
            ";"
          ],
          [
            "!",
            "¡"
          ],
          [
            "?",
            "¿"
          ]
        ],
        [
          [
            "_"
          ],
          [
            "/"
          ],
          [
            " "
          ],
          [
            ","
          ],
          [
            ".",
            "…"
          ]
        ]
      ]
    },
    {
      "level": "opt+shift",
      "mode": "locked",
      "rows": [
        [
          [
            "~"
          ],
          [
            "`"
          ],
          [
            "|"
          ],
          [
            "•",
            "♪",
            "♥",
            "♠",
            "♦",
            "♣"
          ],
          [
            "√"
          ],
          [
            "Π",
            "π"
          ],
          [
            "÷"
          ],
          [
            "×"
          ],
          [
            "¶",
            "§"
          ],
          [
            "∆"
          ]
        ],
        [
          [
            "€"
          ],
          [
            "¥"
          ],
          [
            "$",
            "¢"
          ],
          [
            "¢"
          ],
          [
            "^",
            "↑",
            "↓",
            "←",
            "→"
          ],
          [
            "°",
            "′",
            "″"
          ],
          [
            "=",
            "≠",
            "≈",
            "∞"
          ],
          [
            "{"
          ],
          [
            "}"
          ]
        ],
        [
          [
            "\\"
          ],
          [
            "©"
          ],
          [
            "®"
          ],
          [
            "™"
          ],
          [
            "℅"
          ],
          [
            "["
          ],
          [
            "]"
          ]
        ],
        [
          [
            "<",
            "‹",
            "≤",
            "«"
          ],
          [
            ">",
            "›",
            "≥",
            "»"
          ],
          [
            " "
          ],
          [
            ","
          ],
          [
            ".",
            "…"
          ]
        ]
      ]
    }
  ],
  "locale": "en-GB",
  "name": "English Great Britain"
}