<?xml version="1.0" encoding="UTF-8"?>
<gresources>
  <gresource prefix="/org/gnome/shell/theme">
    <file>calendar-today.svg</file>
    <file alias="icons/scalable/status/carousel-arrow-next-24-symbolic.svg">carousel-arrow-next-24-symbolic.svg</file>
    <file alias="icons/scalable/status/carousel-arrow-back-24-symbolic.svg">carousel-arrow-back-24-symbolic.svg</file>
    <file>checkbox-focused.svg</file>
    <file>checkbox-off-focused.svg</file>
    <file>checkbox-off.svg</file>
    <file>checkbox.svg</file>
    <file alias="icons/scalable/actions/color-pick.svg">color-pick.svg</file>
    <file>dash-placeholder.svg</file>
    <file>gnome-shell.css</file>
    <file>gnome-shell-high-contrast.css</file>
    <file>gnome-shell-start.svg</file>
    <file alias="icons/scalable/status/message-indicator-symbolic.svg">message-indicator-symbolic.svg</file>
    <file>no-events.svg</file>
    <file>no-notifications.svg</file>
    <file>pad-osd.css</file>
    <file alias="icons/scalable/status/eye-open-negative-filled-symbolic.svg">eye-open-negative-filled-symbolic.svg</file>
    <file alias="icons/scalable/status/eye-not-looking-symbolic.svg">eye-not-looking-symbolic.svg</file>
    <file alias="icons/scalable/actions/pointer-double-click-symbolic.svg">pointer-double-click-symbolic.svg</file>
    <file alias="icons/scalable/actions/pointer-drag-symbolic.svg">pointer-drag-symbolic.svg</file>
    <file alias="icons/scalable/actions/pointer-primary-click-symbolic.svg">pointer-primary-click-symbolic.svg</file>
    <file alias="icons/scalable/actions/pointer-secondary-click-symbolic.svg">pointer-secondary-click-symbolic.svg</file>
    <file alias="icons/scalable/actions/preview-close-symbolic.svg">window-close-24-symbolic.svg</file>
    <file alias="icons/scalable/status/keyboard-caps-lock-filled-symbolic.svg">keyboard-caps-lock-filled-symbolic.svg</file>
    <file alias="icons/scalable/status/keyboard-enter-symbolic.svg">keyboard-enter-symbolic.svg</file>
    <file alias="icons/scalable/status/keyboard-hide-symbolic.svg">keyboard-hide-symbolic.svg</file>
    <file alias="icons/scalable/status/keyboard-layout-filled-symbolic.svg">keyboard-layout-filled-symbolic.svg</file>
    <file alias="icons/scalable/status/keyboard-shift-filled-symbolic.svg">keyboard-shift-filled-symbolic.svg</file>
    <file>process-working.svg</file>
    <file>toggle-off.svg</file>
    <file>toggle-off-dark.svg</file>
    <file>toggle-off-hc.svg</file>
    <file>toggle-on.svg</file>
    <file>toggle-on-dark.svg</file>
    <file>toggle-on-hc.svg</file>
  </gresource>
</gresources>
