<?xml version="1.0" encoding="UTF-8"?>
<gresources>
  <gresource prefix="/org/gnome/shell/dbus-interfaces">
    <file preprocess="xml-stripblanks">net.hadess.SensorProxy.xml</file>
    <file preprocess="xml-stripblanks">net.reactivated.Fprint.Device.xml</file>
    <file preprocess="xml-stripblanks">net.reactivated.Fprint.Manager.xml</file>
    <file preprocess="xml-stripblanks">org.freedesktop.Application.xml</file>
    <file preprocess="xml-stripblanks">org.freedesktop.bolt1.Device.xml</file>
    <file preprocess="xml-stripblanks">org.freedesktop.bolt1.Manager.xml</file>
    <file preprocess="xml-stripblanks">org.freedesktop.DBus.xml</file>
    <file preprocess="xml-stripblanks">org.freedesktop.GeoClue2.Agent.xml</file>
    <file preprocess="xml-stripblanks">org.freedesktop.GeoClue2.Manager.xml</file>
    <file preprocess="xml-stripblanks">org.freedesktop.impl.portal.Access.xml</file>
    <file preprocess="xml-stripblanks">org.freedesktop.impl.portal.PermissionStore.xml</file>
    <file preprocess="xml-stripblanks">org.freedesktop.impl.portal.Request.xml</file>
    <file preprocess="xml-stripblanks">org.freedesktop.login1.Manager.xml</file>
    <file preprocess="xml-stripblanks">org.freedesktop.login1.Session.xml</file>
    <file preprocess="xml-stripblanks">org.freedesktop.login1.User.xml</file>
    <file preprocess="xml-stripblanks">org.freedesktop.ModemManager1.Modem.Modem3gpp.xml</file>
    <file preprocess="xml-stripblanks">org.freedesktop.ModemManager1.Modem.ModemCdma.xml</file>
    <file preprocess="xml-stripblanks">org.freedesktop.ModemManager1.Modem.xml</file>
    <file preprocess="xml-stripblanks">org.freedesktop.ModemManager.Modem.Cdma.xml</file>
    <file preprocess="xml-stripblanks">org.freedesktop.ModemManager.Modem.Gsm.Network.xml</file>
    <file preprocess="xml-stripblanks">org.freedesktop.Notifications.xml</file>
    <file preprocess="xml-stripblanks">org.freedesktop.PackageKit.Offline.xml</file>
    <file preprocess="xml-stripblanks">org.freedesktop.realmd.Provider.xml</file>
    <file preprocess="xml-stripblanks">org.freedesktop.realmd.Realm.xml</file>
    <file preprocess="xml-stripblanks">org.freedesktop.realmd.Service.xml</file>
    <file preprocess="xml-stripblanks">org.freedesktop.UPower.Device.xml</file>
    <file preprocess="xml-stripblanks">org.freedesktop.UPower.xml</file>
    <file preprocess="xml-stripblanks">org.gnome.Mutter.ScreenCast.xml</file>
    <file preprocess="xml-stripblanks">org.gnome.ScreenSaver.xml</file>
    <file preprocess="xml-stripblanks">org.gnome.SessionManager.EndSessionDialog.xml</file>
    <file preprocess="xml-stripblanks">org.gnome.SessionManager.Inhibitor.xml</file>
    <file preprocess="xml-stripblanks">org.gnome.SessionManager.Presence.xml</file>
    <file preprocess="xml-stripblanks">org.gnome.SessionManager.xml</file>
    <file preprocess="xml-stripblanks">org.gnome.SettingsDaemon.Color.xml</file>
    <file preprocess="xml-stripblanks">org.gnome.SettingsDaemon.Power.Screen.xml</file>
    <file preprocess="xml-stripblanks">org.gnome.SettingsDaemon.Rfkill.xml</file>
    <file preprocess="xml-stripblanks">org.gnome.SettingsDaemon.Wacom.xml</file>
    <file preprocess="xml-stripblanks">org.gnome.Shell.AudioDeviceSelection.xml</file>
    <file preprocess="xml-stripblanks">org.gnome.Shell.CalendarServer.xml</file>
    <file preprocess="xml-stripblanks">org.gnome.Shell.ClocksIntegration.xml</file>
    <file preprocess="xml-stripblanks">org.gnome.Shell.Extensions.xml</file>
    <file preprocess="xml-stripblanks">org.gnome.Shell.Introspect.xml</file>
    <file preprocess="xml-stripblanks">org.gnome.Shell.HotplugSniffer.xml</file>
    <file preprocess="xml-stripblanks">org.gnome.Shell.PerfHelper.xml</file>
    <file preprocess="xml-stripblanks">org.gnome.Shell.PortalHelper.xml</file>
    <file preprocess="xml-stripblanks">org.gnome.Shell.Screencast.xml</file>
    <file preprocess="xml-stripblanks">org.gnome.Shell.Screenshot.xml</file>
    <file preprocess="xml-stripblanks">org.gnome.Shell.Wacom.PadOsd.xml</file>
    <file preprocess="xml-stripblanks">org.gnome.Shell.WeatherIntegration.xml</file>
    <file preprocess="xml-stripblanks">org.gnome.Shell.xml</file>
    <file preprocess="xml-stripblanks">org.Gtk.MountOperationHandler.xml</file>
    <file preprocess="xml-stripblanks">org.gtk.Notifications.xml</file>
    <file preprocess="xml-stripblanks">org.mpris.MediaPlayer2.Player.xml</file>
    <file preprocess="xml-stripblanks">org.mpris.MediaPlayer2.xml</file>
  </gresource>
</gresources>
